PRAGMA foreign_keys=OFF;
BEGIN TRANSACTION;
CREATE TABLE DimCompany(
            id INTEGER PRIMARY KEY AUTOINCREMENT,
            name TEXT,
            company_address TEXT
        );
INSERT INTO DimCompany VALUES(1,'Mindbox S.A.','None');
INSERT INTO DimCompany VALUES(2,'BRAVER IT SPÓŁKA AKCYJNA','None');
INSERT INTO DimCompany VALUES(3,'JellyTech','None');
INSERT INTO DimCompany VALUES(4,'GETINDATA POLAND sp. z o.o.','None');
INSERT INTO DimCompany VALUES(5,'Kontakt.io','Krakow Office, 3, Stoczniowców, Zagumnie, Płaszów, Podgórze, Kraków, województwo małopolskie, 30-709, Polska');
INSERT INTO DimCompany VALUES(6,'INFOGAIN TECHNOLOGIES SPÓŁKA Z OGRANICZONĄ ODPOWIEDZIALNOŚCIĄ','None');
INSERT INTO DimCompany VALUES(7,'ITDS Polska Sp. z o.o.','None');
INSERT INTO DimCompany VALUES(8,'ITFS sp. z o.o.','None');
INSERT INTO DimCompany VALUES(9,'Avanade Poland Sp. z o.o.','None');
INSERT INTO DimCompany VALUES(10,'Rite NRG sp. z o.o.','None');
INSERT INTO DimCompany VALUES(11,'TIDK sp. z o.o.','None');
INSERT INTO DimCompany VALUES(12,'7N Sp. z o.o.','None');
INSERT INTO DimCompany VALUES(13,'edrone Sp. z o.o.','None');
INSERT INTO DimCompany VALUES(14,'Prime Engineering Poland','None');
INSERT INTO DimCompany VALUES(15,'Be in IT','Always Be In, Via della Pentapoli, Villaggio Mantelli, Priolo Gargallo, Siracusa, Sicilia, 96010, Italia');
INSERT INTO DimCompany VALUES(16,'Connectis_','None');
INSERT INTO DimCompany VALUES(17,'Scalo Sp. z o.o.','None');
INSERT INTO DimCompany VALUES(18,'Tesco Technology','Tesco Café, South Road, Charleston, Dundee, Dundee City, Alba / Scotland, DD2 4SR, United Kingdom');
INSERT INTO DimCompany VALUES(19,'J-LABS sp. z o.o.','None');
INSERT INTO DimCompany VALUES(20,'TTEC','Ttec, Duncairn Gardens, Tigers Bay, Belfast, County Antrim, Northern Ireland / Tuaisceart Éireann, BT15 2GE, United Kingdom');
INSERT INTO DimCompany VALUES(21,'ACAISOFT POLAND Sp. z o.o.','None');
INSERT INTO DimCompany VALUES(22,'TIME4ECOMMERCE SPÓŁKA Z OGRANICZONĄ ODPOWIEDZIALNOŚCIĄ','None');
INSERT INTO DimCompany VALUES(23,'SKILLS MATTER','Skills Matter, 116-120, Goswell Road, Saint Lukes, Clerkenwell, London Borough of Islington, London, Greater London, England, EC1V 7DP, United Kingdom');
INSERT INTO DimCompany VALUES(24,'emagine sp. z o.o.','None');
INSERT INTO DimCompany VALUES(25,'Jit Team sp. z o.o.','None');
INSERT INTO DimCompany VALUES(26,'Affirm','Affirm Lane, Charter Oaks, Foxfire, Columbus, Muscogee County, Georgia, 31909, United States');
INSERT INTO DimCompany VALUES(27,'KITOPI POLAND sp. z o.o.','None');
INSERT INTO DimCompany VALUES(28,'CLOUDFIDE','None');
INSERT INTO DimCompany VALUES(29,'Haddad Brands Europe','None');
INSERT INTO DimCompany VALUES(30,'Remitly','None');
INSERT INTO DimCompany VALUES(31,'Sporty Group','None');
INSERT INTO DimCompany VALUES(32,'InfiniteDATA','None');
INSERT INTO DimCompany VALUES(33,'Blazity','None');
INSERT INTO DimCompany VALUES(34,'Pragmile','None');
INSERT INTO DimCompany VALUES(35,'Altimetrik Poland','None');
INSERT INTO DimCompany VALUES(36,'Opensignal','None');
INSERT INTO DimCompany VALUES(37,'Scalac','None');
INSERT INTO DimCompany VALUES(38,'Qurate Retail Group GBS','None');
INSERT INTO DimCompany VALUES(39,'BPMRIDERS','None');
INSERT INTO DimCompany VALUES(40,'MasterBorn Sp. z o.o.','None');
INSERT INTO DimCompany VALUES(41,'Trans.eu Group SA','None');
INSERT INTO DimCompany VALUES(42,'DevsData LLC','None');
INSERT INTO DimCompany VALUES(43,'N-iX','N-iX, 32, вулиця Олекси Стороженка, Левандівка, Залізничний район, Львів, Львівська міська громада, Львівський район, Львівська область, 79000, Україна');
INSERT INTO DimCompany VALUES(44,'Kitopi','Kitopi, Tanganyika, République démocratique du Congo');
INSERT INTO DimCompany VALUES(45,'Agora SA','Agora, 8/10, Czerska, Marcelin, Sielce, Mokotów, Warszawa, województwo mazowieckie, 00-732, Polska');
INSERT INTO DimCompany VALUES(46,'RITS Professional Services','None');
INSERT INTO DimCompany VALUES(47,'emagine Polska','Emagine, 28, Wielicka, Kabel, Podgórze, Kraków, województwo małopolskie, 30-554, Polska');
INSERT INTO DimCompany VALUES(48,'Sigmoidal','None');
INSERT INTO DimCompany VALUES(49,'VirtusLab','None');
INSERT INTO DimCompany VALUES(50,'Lite e-Commerce','None');
INSERT INTO DimCompany VALUES(51,'Datumo','None');
INSERT INTO DimCompany VALUES(52,'Limango Polska','None');
INSERT INTO DimCompany VALUES(53,'YTM ventures','None');
INSERT INTO DimCompany VALUES(54,'Plenti','Plenti, 17, Calle Moreto, Jerónimos, Retiro, Madrid, Comunidad de Madrid, 28014, España');
INSERT INTO DimCompany VALUES(55,'IN Team','In-Team, 36a, Korenbloemenstraat, Kraainem, Halle-Vilvoorde, Vlaams-Brabant, 1950, België / Belgique / Belgien');
INSERT INTO DimCompany VALUES(56,'in4ge sp. z o.o.','None');
INSERT INTO DimCompany VALUES(57,'DO OK S.A.','None');
INSERT INTO DimCompany VALUES(58,'dmTECH Polska','dmTECH Polska, 13, Jaworska, Szczepin, Wrocław, województwo dolnośląskie, 53-612, Polska');
INSERT INTO DimCompany VALUES(59,'7N','7N Road 505, Montrose County, Colorado, United States');
INSERT INTO DimCompany VALUES(60,'ITDS','Amvox / APPR / Asperion / ITDS, Gooimeer, Naarden, Gooise Meren, Noord-Holland, Nederland, 1411 DD, Nederland');
INSERT INTO DimCompany VALUES(61,'Prime Force','None');
INSERT INTO DimCompany VALUES(62,'Devopsbay','None');
INSERT INTO DimCompany VALUES(63,'Sunscrapers','None');
INSERT INTO DimCompany VALUES(64,'GetInData | Part of Xebia','None');
INSERT INTO DimCompany VALUES(65,'Castle','Castle, Kalaallit Nunaat');
INSERT INTO DimCompany VALUES(66,'CSHARK','None');
INSERT INTO DimCompany VALUES(67,'Ework Group','None');
INSERT INTO DimCompany VALUES(68,'Tooploox','None');
INSERT INTO DimCompany VALUES(69,'NOVOMATIC','Novomatic, Резбарска, НПЗ Хаджи Димитър, Подуяне, София, Столична, София-град, 1510, България');
INSERT INTO DimCompany VALUES(70,'Crestt','None');
INSERT INTO DimCompany VALUES(71,'Islandsbanki','Islandsbanki, 74, Álfheimar, Heimar, Laugardalur, Reykjavíkurborg, Höfuðborgarsvæðið, 104, Ísland');
INSERT INTO DimCompany VALUES(72,'Craftware','None');
INSERT INTO DimCompany VALUES(73,'Kainos','Kainos, Upper Crescent, Queens Quarter, Belfast, County Antrim, Northern Ireland / Tuaisceart Éireann, BT7 1NZ, United Kingdom');
INSERT INTO DimCompany VALUES(74,'hubQuest','None');
INSERT INTO DimCompany VALUES(75,'Reply Polska Sp. z o. o.','None');
INSERT INTO DimCompany VALUES(76,'DCV Technologies','None');
INSERT INTO DimCompany VALUES(77,'Britenet','Britenet, Morwowa, Rury Brygidkowskie, Konstantynów, Lublin, województwo lubelskie, 20-701, Polska');
INSERT INTO DimCompany VALUES(78,'Sopra Steria','Sopra Steria, Siruseri, Tiruporur, Chengalpattu District, Tamil Nadu, India');
INSERT INTO DimCompany VALUES(79,'Rite NRG','None');
INSERT INTO DimCompany VALUES(80,'Justpoint','None');
INSERT INTO DimCompany VALUES(81,'Onwelo Sp. z o.o.','None');
INSERT INTO DimCompany VALUES(82,'Qodeca','None');
INSERT INTO DimCompany VALUES(83,'VOLT','Volt, Wolf Point District / šųktógeja oʾípa, Roosevelt County, Montana, United States');
CREATE TABLE DimPosition(
            id INTEGER PRIMARY KEY AUTOINCREMENT,
            name TEXT
        );
INSERT INTO DimPosition VALUES(1,'Senior ETL Developer');
INSERT INTO DimPosition VALUES(2,'Power BI Developer');
INSERT INTO DimPosition VALUES(3,'Data Analyst SAP');
INSERT INTO DimPosition VALUES(4,'Senior Data Engineer (Azure)');
INSERT INTO DimPosition VALUES(5,'Big Data Engineer');
INSERT INTO DimPosition VALUES(6,'Lead Data Analyst');
INSERT INTO DimPosition VALUES(7,'Senior Finance IT PMO');
INSERT INTO DimPosition VALUES(8,'Data Engineer');
INSERT INTO DimPosition VALUES(9,'Data Engineer in Microsoft Azure Cloud');
INSERT INTO DimPosition VALUES(10,'Senior Data Engineer');
INSERT INTO DimPosition VALUES(11,'Senior Data Engineer (pharma)');
INSERT INTO DimPosition VALUES(12,'Data Analyst');
INSERT INTO DimPosition VALUES(13,'Programista ETL (Ab Initio, Oracle)');
INSERT INTO DimPosition VALUES(14,'ServiceNow Data Analyst');
INSERT INTO DimPosition VALUES(15,'Data Warehouse Developer');
INSERT INTO DimPosition VALUES(16,'Senior Power Platform Developer Azure');
INSERT INTO DimPosition VALUES(17,'Software Development Engineer II - Data Engineering (Forecasting)');
INSERT INTO DimPosition VALUES(18,'Database Administrator');
INSERT INTO DimPosition VALUES(19,'Junior Data Analyst');
INSERT INTO DimPosition VALUES(20,'Data Scientist with LLM');
INSERT INTO DimPosition VALUES(21,'Spark Engineer');
INSERT INTO DimPosition VALUES(22,'Data Scientist with Python');
INSERT INTO DimPosition VALUES(23,'Mid Data Scientist with LLM');
INSERT INTO DimPosition VALUES(24,'Senior Data Scientist (NLP, Azure)');
INSERT INTO DimPosition VALUES(25,'Senior Power Platform Developer');
INSERT INTO DimPosition VALUES(26,'Senior MLOps Engineer');
INSERT INTO DimPosition VALUES(27,'Software Development Engineer II - Data (Fulfillment)');
INSERT INTO DimPosition VALUES(28,'Senior Data Engineer (GCP)');
INSERT INTO DimPosition VALUES(29,'Data & Reporting Senior Developer');
INSERT INTO DimPosition VALUES(30,'Senior Power BI Analyst & Developer');
INSERT INTO DimPosition VALUES(31,'Data Scientist');
INSERT INTO DimPosition VALUES(32,'Programista Hurtowni Danych');
INSERT INTO DimPosition VALUES(33,'ETL Developer (IBM DataStage)');
INSERT INTO DimPosition VALUES(34,'Senior Data Engineer (Flink)');
INSERT INTO DimPosition VALUES(35,'Senior Data Scientist with LLM');
INSERT INTO DimPosition VALUES(36,'Software Engineer II (Data and Storage Services)');
INSERT INTO DimPosition VALUES(37,'Adobe Customer Data Platform Specialist (Adobe Experience Cloud)');
INSERT INTO DimPosition VALUES(38,'Infrastructure Solutions Manager');
INSERT INTO DimPosition VALUES(39,'DWH Architect (Data Modeling)');
INSERT INTO DimPosition VALUES(40,'Scala Big Data Engineer');
INSERT INTO DimPosition VALUES(41,'ETL/IPC Developer');
INSERT INTO DimPosition VALUES(42,'Business Intelligence (Power BI) Developer');
INSERT INTO DimPosition VALUES(43,'Functional D365 Administrator (Partly in Paris)');
INSERT INTO DimPosition VALUES(44,'Power BI Developer (Partly in Paris)');
INSERT INTO DimPosition VALUES(45,'Senior DBA');
INSERT INTO DimPosition VALUES(46,'DWH Analyst');
INSERT INTO DimPosition VALUES(47,'NLP Engineer');
INSERT INTO DimPosition VALUES(48,'Senior Data Architect');
INSERT INTO DimPosition VALUES(49,'Big Data Engineer (Spark & Hadoop)');
INSERT INTO DimPosition VALUES(50,'Data Engineer III Forecast');
INSERT INTO DimPosition VALUES(51,'Power BI Consultant');
INSERT INTO DimPosition VALUES(52,'DataOps Engineer');
INSERT INTO DimPosition VALUES(53,'Tableau Developer (REMOTE, $40/h, PartTime, 10h/week)');
INSERT INTO DimPosition VALUES(54,'Cloud Data Developer');
INSERT INTO DimPosition VALUES(55,'Senior Data Analyst');
INSERT INTO DimPosition VALUES(56,'Data Engineer (Fulfillment)');
INSERT INTO DimPosition VALUES(57,'Specjalista Hurtowni Danych');
INSERT INTO DimPosition VALUES(58,'Data Engineer with AWS');
INSERT INTO DimPosition VALUES(59,'Machine Learning Engineer (NLP)');
INSERT INTO DimPosition VALUES(60,'Software Engineer - Data Platforms (Expert)');
INSERT INTO DimPosition VALUES(61,'Experienced Machine Learning Engineer');
INSERT INTO DimPosition VALUES(62,'Senior BI Analyst');
INSERT INTO DimPosition VALUES(63,'Snowflake Developer');
INSERT INTO DimPosition VALUES(64,'Senior  Data Scientist');
INSERT INTO DimPosition VALUES(65,'ETL/Python Backend Developer');
INSERT INTO DimPosition VALUES(66,'BI Developer');
INSERT INTO DimPosition VALUES(67,'Specjalista ds. baz danych Oracle (Oracle Database Specialist)');
INSERT INTO DimPosition VALUES(68,'PL/pgSQL Developer with Python');
INSERT INTO DimPosition VALUES(69,'Senior Data Engineer z j.niemieckim');
INSERT INTO DimPosition VALUES(70,'Senior Data Scientist z j.niemieckim');
INSERT INTO DimPosition VALUES(71,'Dynamics 365 Agile Business Analyst');
INSERT INTO DimPosition VALUES(72,'Operations Specialist/Architect');
INSERT INTO DimPosition VALUES(73,'Senior Data Scientist');
INSERT INTO DimPosition VALUES(74,'Data Architect (Data Unit)');
INSERT INTO DimPosition VALUES(75,'Senior Data Engineer (Fulfillment)');
INSERT INTO DimPosition VALUES(76,'Senior Data Engineer/Analyst');
INSERT INTO DimPosition VALUES(77,'Data Science Lead');
INSERT INTO DimPosition VALUES(78,'Startup Sr Data Engineer');
INSERT INTO DimPosition VALUES(79,'Power Platform Developer');
INSERT INTO DimPosition VALUES(80,'Machine Learning Engineer');
INSERT INTO DimPosition VALUES(81,'Business Intelligence Developer');
INSERT INTO DimPosition VALUES(82,'Software Engineer - Data Platforms (Principal)');
INSERT INTO DimPosition VALUES(83,'Data Scientist (100% remote)');
INSERT INTO DimPosition VALUES(84,'Senior Development DBA (Oracle + SQL Server)');
INSERT INTO DimPosition VALUES(85,'Oracle APEX Developer');
INSERT INTO DimPosition VALUES(86,'Data Solution Architect');
INSERT INTO DimPosition VALUES(87,'Program Manager (with BI experience)');
INSERT INTO DimPosition VALUES(88,'Senior Oracle Siebel Developer');
INSERT INTO DimPosition VALUES(89,'PostgreSQL Administrator');
INSERT INTO DimPosition VALUES(90,'Senior Data Engineer ||  Big Data Engineer');
INSERT INTO DimPosition VALUES(91,'SQL BI Developer');
INSERT INTO DimPosition VALUES(92,'Data Engineer (Snowflake)');
INSERT INTO DimPosition VALUES(93,'Senior PL/SQL Developer');
INSERT INTO DimPosition VALUES(94,'[Remote] Lead Data Analyst');
INSERT INTO DimPosition VALUES(95,'Data Engineer (Databricks)');
INSERT INTO DimPosition VALUES(96,'Senior PHP Software Engineer');
CREATE TABLE DimSkill(
            id INTEGER PRIMARY KEY AUTOINCREMENT,
            name TEXT
        );
INSERT INTO DimSkill VALUES(1,'Oracle');
INSERT INTO DimSkill VALUES(2,'SQL');
INSERT INTO DimSkill VALUES(3,'Python');
INSERT INTO DimSkill VALUES(4,'Pyspark');
INSERT INTO DimSkill VALUES(5,'Hive');
INSERT INTO DimSkill VALUES(6,'ETL');
INSERT INTO DimSkill VALUES(7,'Unix');
INSERT INTO DimSkill VALUES(8,'Control-M');
INSERT INTO DimSkill VALUES(9,'Microsoft Power BI');
INSERT INTO DimSkill VALUES(10,'BI');
INSERT INTO DimSkill VALUES(11,'SAP');
INSERT INTO DimSkill VALUES(12,'DWH');
INSERT INTO DimSkill VALUES(13,'Databricks');
INSERT INTO DimSkill VALUES(14,'Kafka');
INSERT INTO DimSkill VALUES(15,'Git');
INSERT INTO DimSkill VALUES(16,'Microsoft Azure');
INSERT INTO DimSkill VALUES(17,'Docker');
INSERT INTO DimSkill VALUES(18,'Terraform');
INSERT INTO DimSkill VALUES(19,'Azure DevOps');
INSERT INTO DimSkill VALUES(20,'Java');
INSERT INTO DimSkill VALUES(21,'AWS');
INSERT INTO DimSkill VALUES(22,'MongoDB');
INSERT INTO DimSkill VALUES(23,'PostgreSQL');
INSERT INTO DimSkill VALUES(24,'Prometheus');
INSERT INTO DimSkill VALUES(25,'Kubernetes');
INSERT INTO DimSkill VALUES(26,'Pioneer');
INSERT INTO DimSkill VALUES(27,'Discover');
INSERT INTO DimSkill VALUES(28,'GPDM');
INSERT INTO DimSkill VALUES(29,'Clarity');
INSERT INTO DimSkill VALUES(30,'Cognos');
INSERT INTO DimSkill VALUES(31,'Jira');
INSERT INTO DimSkill VALUES(32,'and Confluence');
INSERT INTO DimSkill VALUES(33,'Google Cloud Platform');
INSERT INTO DimSkill VALUES(34,'BigQuery');
INSERT INTO DimSkill VALUES(35,'Dataflow');
INSERT INTO DimSkill VALUES(36,'Snowflake Data Cloud');
INSERT INTO DimSkill VALUES(37,'dbt');
INSERT INTO DimSkill VALUES(38,'Spring Boot');
INSERT INTO DimSkill VALUES(39,'Tableau');
INSERT INTO DimSkill VALUES(40,'PL/SQL');
INSERT INTO DimSkill VALUES(41,'ServiceNow');
INSERT INTO DimSkill VALUES(42,'Microsoft Excel');
INSERT INTO DimSkill VALUES(43,'SharePoint');
INSERT INTO DimSkill VALUES(44,'Microsoft SQL Server');
INSERT INTO DimSkill VALUES(45,'Hadoop');
INSERT INTO DimSkill VALUES(46,'Airflow');
INSERT INTO DimSkill VALUES(47,'Hbase');
INSERT INTO DimSkill VALUES(48,'GitHub');
INSERT INTO DimSkill VALUES(49,'Zendesk');
INSERT INTO DimSkill VALUES(50,'Linux');
INSERT INTO DimSkill VALUES(51,'LLM');
INSERT INTO DimSkill VALUES(52,'Cosmos DB');
INSERT INTO DimSkill VALUES(53,'Apache Spark');
INSERT INTO DimSkill VALUES(54,'Pandas');
INSERT INTO DimSkill VALUES(55,'NumPy');
INSERT INTO DimSkill VALUES(56,'TensorFlow');
INSERT INTO DimSkill VALUES(57,'PyTorch');
INSERT INTO DimSkill VALUES(58,'Langchain');
INSERT INTO DimSkill VALUES(59,'OpenAI');
INSERT INTO DimSkill VALUES(60,'NLP');
INSERT INTO DimSkill VALUES(61,'AI');
INSERT INTO DimSkill VALUES(62,'scikit-learn');
INSERT INTO DimSkill VALUES(63,'MLFlow');
INSERT INTO DimSkill VALUES(64,'sparknlp');
INSERT INTO DimSkill VALUES(65,'spacy');
INSERT INTO DimSkill VALUES(66,'nltk');
INSERT INTO DimSkill VALUES(67,'pyspark');
INSERT INTO DimSkill VALUES(68,'pandas');
INSERT INTO DimSkill VALUES(69,'numpy');
INSERT INTO DimSkill VALUES(70,'azure ml studio');
INSERT INTO DimSkill VALUES(71,'azure AI services');
INSERT INTO DimSkill VALUES(72,'Vertex AI');
INSERT INTO DimSkill VALUES(73,'Bash');
INSERT INTO DimSkill VALUES(74,'Numpy');
INSERT INTO DimSkill VALUES(75,'Jenkins');
INSERT INTO DimSkill VALUES(76,'Ansible');
INSERT INTO DimSkill VALUES(77,'Scala');
INSERT INTO DimSkill VALUES(78,'Spark');
INSERT INTO DimSkill VALUES(79,'GKE');
INSERT INTO DimSkill VALUES(80,'Big Query');
INSERT INTO DimSkill VALUES(81,'Data Studio');
INSERT INTO DimSkill VALUES(82,'R');
INSERT INTO DimSkill VALUES(83,'IBM InfoSphere');
INSERT INTO DimSkill VALUES(84,'Power BI');
INSERT INTO DimSkill VALUES(85,'Apache Flink');
INSERT INTO DimSkill VALUES(86,'Apache Airflow');
INSERT INTO DimSkill VALUES(87,'LangChain');
INSERT INTO DimSkill VALUES(88,'MySQL');
INSERT INTO DimSkill VALUES(89,'VMware');
INSERT INTO DimSkill VALUES(90,'Data Science');
INSERT INTO DimSkill VALUES(91,'Data Engineering');
INSERT INTO DimSkill VALUES(92,'Data analysis');
INSERT INTO DimSkill VALUES(93,'Data Warehousing');
INSERT INTO DimSkill VALUES(94,'Data Pipelines');
INSERT INTO DimSkill VALUES(95,'Data modeling');
INSERT INTO DimSkill VALUES(96,'English');
INSERT INTO DimSkill VALUES(97,'Polish');
INSERT INTO DimSkill VALUES(98,'Informatica PowerCenter');
INSERT INTO DimSkill VALUES(99,'Microsoft BI');
INSERT INTO DimSkill VALUES(100,'MQ');
INSERT INTO DimSkill VALUES(101,'DAX');
INSERT INTO DimSkill VALUES(102,'RLS');
INSERT INTO DimSkill VALUES(103,'Team Player');
INSERT INTO DimSkill VALUES(104,'Proactivity');
INSERT INTO DimSkill VALUES(105,'Critical thinking');
INSERT INTO DimSkill VALUES(106,'MS SQL');
INSERT INTO DimSkill VALUES(107,'Software Architecture');
INSERT INTO DimSkill VALUES(108,'Data');
INSERT INTO DimSkill VALUES(109,'RDBMS');
INSERT INTO DimSkill VALUES(110,'Big Data');
INSERT INTO DimSkill VALUES(111,'AWS RDS');
INSERT INTO DimSkill VALUES(112,'visio/erwin');
INSERT INTO DimSkill VALUES(113,'Data Warehouse');
INSERT INTO DimSkill VALUES(114,'PowerBi');
INSERT INTO DimSkill VALUES(115,'Machine Learning');
INSERT INTO DimSkill VALUES(116,'Statistics');
INSERT INTO DimSkill VALUES(117,'LLM Orchestration');
INSERT INTO DimSkill VALUES(118,'transformers');
INSERT INTO DimSkill VALUES(119,'Deep Learning');
INSERT INTO DimSkill VALUES(120,'unit tests');
INSERT INTO DimSkill VALUES(121,'CI/CD');
INSERT INTO DimSkill VALUES(122,'ETL tools');
INSERT INTO DimSkill VALUES(123,'Data Mapping');
INSERT INTO DimSkill VALUES(124,'Data Integration');
INSERT INTO DimSkill VALUES(125,'presentation skills');
INSERT INTO DimSkill VALUES(126,'Communication Skills');
INSERT INTO DimSkill VALUES(127,'Analytical skills');
INSERT INTO DimSkill VALUES(128,'SPSS');
INSERT INTO DimSkill VALUES(129,'PySpark');
INSERT INTO DimSkill VALUES(130,'Design Patterns');
INSERT INTO DimSkill VALUES(131,'T-SQL');
INSERT INTO DimSkill VALUES(132,'MS Azure');
INSERT INTO DimSkill VALUES(133,'Snowflake');
INSERT INTO DimSkill VALUES(134,'Cloud');
INSERT INTO DimSkill VALUES(135,'GCP');
INSERT INTO DimSkill VALUES(136,'Analytics');
INSERT INTO DimSkill VALUES(137,'Reporting');
INSERT INTO DimSkill VALUES(138,'FBT');
INSERT INTO DimSkill VALUES(139,'Data Visualization');
INSERT INTO DimSkill VALUES(140,'A/B testing');
INSERT INTO DimSkill VALUES(141,'SSIS');
INSERT INTO DimSkill VALUES(142,'Powershell');
INSERT INTO DimSkill VALUES(143,'rag');
INSERT INTO DimSkill VALUES(144,'Data Lake');
INSERT INTO DimSkill VALUES(145,'Microsoft Azure Cloud');
INSERT INTO DimSkill VALUES(146,'Java/Scala/Python');
INSERT INTO DimSkill VALUES(147,'Apache Beam');
INSERT INTO DimSkill VALUES(148,'AWS / GCP');
INSERT INTO DimSkill VALUES(149,'PubSub');
INSERT INTO DimSkill VALUES(150,'Google Cloud');
INSERT INTO DimSkill VALUES(151,'data analytics');
INSERT INTO DimSkill VALUES(152,'Analyzing data');
INSERT INTO DimSkill VALUES(153,'PhyTorch');
INSERT INTO DimSkill VALUES(154,'DBMS');
INSERT INTO DimSkill VALUES(155,'OLAP');
INSERT INTO DimSkill VALUES(156,'SSRS');
INSERT INTO DimSkill VALUES(157,'Oracle SQL');
INSERT INTO DimSkill VALUES(158,'Enterprise');
INSERT INTO DimSkill VALUES(159,'Oracle DB');
INSERT INTO DimSkill VALUES(160,'PL/pgSQL');
INSERT INTO DimSkill VALUES(161,'GraphQL');
INSERT INTO DimSkill VALUES(162,'API Design');
INSERT INTO DimSkill VALUES(163,'Hasura');
INSERT INTO DimSkill VALUES(164,'makefile');
INSERT INTO DimSkill VALUES(165,'Niemiecki');
INSERT INTO DimSkill VALUES(166,'Kotlin');
INSERT INTO DimSkill VALUES(167,'TSQL');
INSERT INTO DimSkill VALUES(168,'MDS');
INSERT INTO DimSkill VALUES(169,'Azure');
INSERT INTO DimSkill VALUES(170,'Testing');
INSERT INTO DimSkill VALUES(171,'Microsoft 365');
INSERT INTO DimSkill VALUES(172,'Business Analysis');
INSERT INTO DimSkill VALUES(173,'Agile');
INSERT INTO DimSkill VALUES(174,'DevOps tools');
INSERT INTO DimSkill VALUES(175,'Web Applications');
INSERT INTO DimSkill VALUES(176,'Continuous Delivery');
INSERT INTO DimSkill VALUES(177,'Continuous Integration');
INSERT INTO DimSkill VALUES(178,'Databases');
INSERT INTO DimSkill VALUES(179,'Networking');
INSERT INTO DimSkill VALUES(180,'PostreSQL');
INSERT INTO DimSkill VALUES(181,'MDM');
INSERT INTO DimSkill VALUES(182,'ETL Pipelines');
INSERT INTO DimSkill VALUES(183,'Java / Python');
INSERT INTO DimSkill VALUES(184,'Apache Kafka');
INSERT INTO DimSkill VALUES(185,'Analytical Thinking');
INSERT INTO DimSkill VALUES(186,'DevOps');
INSERT INTO DimSkill VALUES(187,'DBT');
INSERT INTO DimSkill VALUES(188,'Power Apps');
INSERT INTO DimSkill VALUES(189,'Dataverse');
INSERT INTO DimSkill VALUES(190,'Power Platform');
INSERT INTO DimSkill VALUES(191,'Power Automate');
INSERT INTO DimSkill VALUES(192,'Computer Vision');
INSERT INTO DimSkill VALUES(193,'Kafka/BigQuery/Airflow');
INSERT INTO DimSkill VALUES(194,'SQL Server');
INSERT INTO DimSkill VALUES(195,'database architecture');
INSERT INTO DimSkill VALUES(196,'Oracle Data Guard');
INSERT INTO DimSkill VALUES(197,'Oracle APEX');
INSERT INTO DimSkill VALUES(198,'JavaScript');
INSERT INTO DimSkill VALUES(199,'Dynamic Actions');
INSERT INTO DimSkill VALUES(200,'BI systems');
INSERT INTO DimSkill VALUES(201,'Data Query');
INSERT INTO DimSkill VALUES(202,'NumFOCUS stack');
INSERT INTO DimSkill VALUES(203,'Siebel');
INSERT INTO DimSkill VALUES(204,'REST API');
INSERT INTO DimSkill VALUES(205,'SDLC');
INSERT INTO DimSkill VALUES(206,'SSAS');
INSERT INTO DimSkill VALUES(207,'DynamoDB');
INSERT INTO DimSkill VALUES(208,'Azure Data Factory');
INSERT INTO DimSkill VALUES(209,'Azure SQL DB');
INSERT INTO DimSkill VALUES(210,'ORM');
INSERT INTO DimSkill VALUES(211,'Symfony');
INSERT INTO DimSkill VALUES(212,'PHP');
INSERT INTO DimSkill VALUES(213,'DDD');
INSERT INTO DimSkill VALUES(214,'CQRS');
CREATE TABLE DimCurrency(
            id INTEGER PRIMARY KEY AUTOINCREMENT,
            name TEXT
        );
INSERT INTO DimCurrency VALUES(1,'zł');
INSERT INTO DimCurrency VALUES(2,'PLN');
CREATE TABLE DimSource(
            id INTEGER PRIMARY KEY AUTOINCREMENT,
            name TEXT
        );
INSERT INTO DimSource VALUES(1,'pracuj.pl');
INSERT INTO DimSource VALUES(2,'justjoin.it');
CREATE TABLE DimCategory(
            id INTEGER PRIMARY KEY AUTOINCREMENT,
            name TEXT
        );
INSERT INTO DimCategory VALUES(1,'Big Data/Data Science');
INSERT INTO DimCategory VALUES(2,'Data');
CREATE TABLE FactOffer(
            id_offer INTEGER PRIMARY KEY AUTOINCREMENT,
            id_position INTEGER,
            id_company INTEGER,
            id_category INTEGER,
            id_currency INTEGER,
            id_source INTEGER,
            link TEXT,
            skills TEXT,
            seniority TEXT,
            wage_min REAL,
            wage_max REAL,
            description TEXT,
            FOREIGN KEY(id_position) REFERENCES DimPosition(id),
            FOREIGN KEY(id_company) REFERENCES DimCompany(id),
            FOREIGN KEY(id_category) REFERENCES DimCategory(id),
            FOREIGN KEY(id_currency) REFERENCES DimCurrency(id),
            FOREIGN KEY(id_source) REFERENCES DimSource(id)
            );
INSERT INTO FactOffer VALUES(1,1,1,1,1,1,'https://www.pracuj.pl/praca/senior-etl-developer-krakow,oferta,1003299046','[1, 2, 3, 4, 5, 6, 7, 8]',NULL,25200.0,30240.0,'');
INSERT INTO FactOffer VALUES(2,2,2,1,1,1,'https://www.pracuj.pl/praca/power-bi-developer-krakow,oferta,1003303535','[9, 2]',NULL,13000.0,24000.0,'About the projectJoin our dynamic team in the modern Krakow office as a Power BI Developer! Generating sophisticated data visualizations to present business insights clearly and accessibly.');
INSERT INTO FactOffer VALUES(3,3,3,1,1,1,'https://www.pracuj.pl/praca/data-analyst-sap-lodz,oferta,1003322906','[10, 11, 12]',NULL,14000.0,17600.0,'');
INSERT INTO FactOffer VALUES(4,4,4,1,1,1,'https://www.pracuj.pl/praca/senior-data-engineer-azure-warszawa-pulawska-39,oferta,1003338089','[13, 14, 15, 16, 17, 18, 19]',NULL,26880.0,33600.0,'About the projectWe run a variety of projects in which our sweepmasters can excel. Advanced Analytics, Data Platforms, Streaming Analytics Platforms, Machine Learning Models, Generative AI and more.');
INSERT INTO FactOffer VALUES(5,5,5,1,1,1,'https://www.pracuj.pl/praca/big-data-engineer-krakow-stoczniowcow-3,oferta,1003293596','[3, 20, 14, 21, 22, 23, 24, 25]',NULL,26880.0,31920.0,'');
INSERT INTO FactOffer VALUES(6,6,6,1,1,1,'https://www.pracuj.pl/praca/lead-data-analyst-krakow,oferta,1003299133','[2]',NULL,21840.0,30240.0,'O projekcieData analyst responsibilities include conducting full lifecycle analysis to include requirements, activities and design. Proficiency levelSkill in generating queries and reports.');
INSERT INTO FactOffer VALUES(7,7,7,1,1,1,'https://www.pracuj.pl/praca/senior-finance-it-pmo-krakow,oferta,1003291702','[26, 27, 28, 29, 30, 31, 32]',NULL,16800.0,21000.0,'Join us, and navigate complex financial landscapes with confidence!Krakow-based opportunity with the possibility to work up to 70% remotely!');
INSERT INTO FactOffer VALUES(8,8,8,1,1,1,'https://www.pracuj.pl/praca/data-engineer-warszawa-aleje-jerozolimskie-125-127,oferta,1003340531','[33, 34, 35, 3]',NULL,16800.0,21000.0,'');
INSERT INTO FactOffer VALUES(9,9,9,1,1,1,'https://www.pracuj.pl/praca/data-engineer-in-microsoft-azure-cloud-krakow,oferta,1003320133','[16]',NULL,13000.0,22400.0,'If you’re passionate about helping clients make better data-driven decisions to tackle their most complex business issues, let’s talk. Proficiency in Delta Lake and Databricks for efficient data management. Designing and implementing ETL workflows to ensure data quality and accessibility.');
INSERT INTO FactOffer VALUES(10,10,10,1,1,1,'https://www.pracuj.pl/praca/senior-data-engineer-krakow-wadowicka-7,oferta,1003340077','[21, 36, 3, 14, 2]',NULL,28000.0,33600.0,'O projekcieDołącz do naszej ekipy Rite NRG jako Senior Data Engineer i stwórz z nami w Polsce centrum dostaw dla lidera branży iGaming. Będziesz miał możliwość rozwijania się w obszarze analizy danych i zarządzania danymi.');
INSERT INTO FactOffer VALUES(11,8,11,1,1,1,'https://www.pracuj.pl/praca/data-engineer-krakow-samuela-bogumila-lindego-1c,oferta,1003338610','[16, 13, 9, 3]',NULL,7000.0,16000.0,'O projekcieProjekty z zakresu BI dla największych firm w Polsce (branże: retail, e-commerce, farmacja, energetyka, produkcja przemysłowa, logistyka). Benefitydofinansowanie zajęć sportowychprywatna opieka medyczna');
INSERT INTO FactOffer VALUES(12,11,12,1,1,1,'https://www.pracuj.pl/praca/senior-data-engineer-pharma-warszawa-pulawska-182,oferta,1003302191','[36, 37, 21, 3, 2]',NULL,23520.0,26040.0,'We subsidize trainings, technical certificates, conference participation, and foreign language classes. Our Career Development Program offers consultants advisory support in career planning.');
INSERT INTO FactOffer VALUES(13,5,9,1,1,1,'https://www.pracuj.pl/praca/big-data-engineer-krakow-pawia-21,oferta,1003320127','[20, 33, 38]',NULL,120.0,180.0,'About the projectWe are looking for a seasoned Big Data Engineer to play a pivotal role in our transformational journey. Lead the implementation of data integration solutions using Java and Spring Boot technologies. Provide technical guidance and mentorship to junior team members, fostering a culture of continuous learning and innovation. Effective communication and collaboration skills, with the ability to work well in a fast-paced, team-oriented environment. Certification in Google Cloud Platform or related technologies.');
INSERT INTO FactOffer VALUES(14,12,13,1,1,1,'https://www.pracuj.pl/praca/data-analyst-krakow-lekarska-1,oferta,1003327379','[2, 39, 3]',NULL,12000.0,17000.0,'We understand the challenges of eCommerce and the importance of seamless customer service and satisfaction. Understanding these critical components enables you to optimize email delivery rates effectively.');
INSERT INTO FactOffer VALUES(15,13,14,1,1,1,'https://www.pracuj.pl/praca/programista-etl-ab-initio-oracle-wroclaw,oferta,1003302913','[40, 6, 1, 2]',NULL,11000.0,15000.0,'O projekcieDołącz do naszego zespołu - buduj i rozwijaj procesy ETL w projekcie z branży bankowej. Mile widzianeUmiejętność pracy z repozytorium kodów – svn lub git.');
INSERT INTO FactOffer VALUES(16,14,15,1,1,1,'https://www.pracuj.pl/praca/servicenow-data-analyst-krakow,oferta,1003341711','[41, 42, 2, 43, 16]',NULL,23520.0,26880.0,'Rozwój i wspieranie procesów raportowania, w szczególności budowanie paneli Performance Analytics (PA Dashboards) w ServiceNow. Nasze wymaganiaCo najmniej 3-letnie doświadczenie na stanowisku Data Analyst lub ServiceNow Data Analyst. Nowoczesny sprzęt zapewniany przez firmę, wraz z softem i konfiguracją.');
INSERT INTO FactOffer VALUES(17,15,16,1,1,1,'https://www.pracuj.pl/praca/data-warehouse-developer-warszawa,oferta,1003326126','[2, 44]',NULL,22000.0,27000.0,'O projekcieObecnie szukamy doświadczonej osoby na stanowisko Data Warehouse Developer do branży energetycznej. Nasz Partner to największa grupa energetyczna w Polsce specjalizująca się w produkcji, dystrybucji i sprzedaży energii elektrycznej.');
INSERT INTO FactOffer VALUES(18,16,17,1,1,1,'https://www.pracuj.pl/praca/senior-power-platform-developer-azure-wroclaw,oferta,1003346326','[]',NULL,26880.0,26880.0,'');
INSERT INTO FactOffer VALUES(19,17,18,1,1,1,'https://www.pracuj.pl/praca/software-development-engineer-ii-data-engineering-forecasting-krakow-przy-rondzie-4,oferta,1003305701','[3, 45, 46, 47, 5, 48, 49, 31]',NULL,17000.0,25000.0,'We influence product availability through advanced forecasting and right ordering. The more we save, the more we can pass on to our customers w.r.t the right price. We take responsibility for the software through its entire lifecycle. You are comfortable designing systems and reasoning about them.');
INSERT INTO FactOffer VALUES(20,10,19,1,1,1,'https://www.pracuj.pl/praca/senior-data-engineer-krakow-zablocie-43a,oferta,1003328222','[21, 18, 2]',NULL,25200.0,32760.0,'Jedną z domen którą zajmuje się zespół jest zarządzaniem ryzykiem. 5 lat doświadczenia w obszarze przetwarzania danychDobra znajomość AWS (Athena, s3) oraz Terraform.');
INSERT INTO FactOffer VALUES(21,18,5,1,1,1,'https://www.pracuj.pl/praca/database-administrator-krakow-stoczniowcow-3,oferta,1003345261','[25, 21, 50, 7]',NULL,20000.0,24500.0,'');
INSERT INTO FactOffer VALUES(22,19,20,1,1,1,'https://www.pracuj.pl/praca/junior-data-analyst-krakow-opolska-110,oferta,1003347259','[42, 2]',NULL,5250.0,5250.0,'About the projectJunior Data Analyst will support TTEC Programme in data processing. He/she will create reports to highlight any differences using Excel and Google Sheets.');
INSERT INTO FactOffer VALUES(23,20,21,1,1,1,'https://www.pracuj.pl/praca/data-scientist-with-llm-warszawa-pulawska-182,oferta,1003309858','[51, 16, 6, 2, 52, 3]',NULL,20000.0,27000.0,'About the projectOur customer is offering AI consulting services aimed at helping organizations enhance their data and AI strategies. Modern technologies - we use proven technologies that are currently up-to-date.');
INSERT INTO FactOffer VALUES(24,21,11,1,1,1,'https://www.pracuj.pl/praca/spark-engineer-krakow-samuela-bogumila-lindego-1c,oferta,1003338612','[53, 16]',NULL,7000.0,16000.0,'Twój zakres obowiązkówBudowanie skalowalnych rozwiązań opartych o technologie Big Data. Znajomość usług platformy Azure (szczególnie z obszarów Data).Umiejętności algorytmiczne i matematyczne.');
INSERT INTO FactOffer VALUES(25,22,22,1,1,1,'https://www.pracuj.pl/praca/data-scientist-with-python-warszawa-nakielska-3,oferta,1003338121','[3, 54, 55, 56, 57]',NULL,7000.0,15000.0,'O projekcieKogo szukamy: Szukamy osoby zdolnej do samodzielnego prowadzenia projektów software development z biegłością w Pythonie i ML. Dzięki temu rozwiązaniu można osiągnąć znacznie większą skuteczność reklam przy kampaniach typu DPA i Collection.');
INSERT INTO FactOffer VALUES(26,23,21,1,1,1,'https://www.pracuj.pl/praca/mid-data-scientist-with-llm-warszawa-aleja-niepodleglosci-18,oferta,1003339284','[3, 36, 58, 59]',NULL,15000.0,20000.0,'About the projectWork with us on a project for one of the biggest consumer insights providers in the U.S! Modern technologies - we use proven technologies that are currently up-to-date.');
INSERT INTO FactOffer VALUES(27,24,17,1,1,1,'https://www.pracuj.pl/praca/senior-data-scientist-nlp-azure-wroclaw,oferta,1003319959','[3, 60, 61, 62, 63, 56, 57, 64, 65, 66, 67, 68, 69, 70, 71]',NULL,35280.0,35280.0,'Będziesz pracować nad rozwiązaniami z branży prawniczej.');
INSERT INTO FactOffer VALUES(28,25,17,1,1,1,'https://www.pracuj.pl/praca/senior-power-platform-developer-wroclaw,oferta,1003318438','[]',NULL,33600.0,33600.0,'');
INSERT INTO FactOffer VALUES(29,26,19,1,1,1,'https://www.pracuj.pl/praca/senior-mlops-engineer-krakow-zablocie-43a,oferta,1003329906','[3, 33, 72, 73, 74, 54, 56, 75, 76]',NULL,31920.0,36960.0,'Benefitymożliwość pracy zdalnejspotkania integracyjne');
INSERT INTO FactOffer VALUES(30,27,18,1,1,1,'https://www.pracuj.pl/praca/software-development-engineer-ii-data-fulfillment-krakow-przy-rondzie-4,oferta,1003297865','[45, 77, 78]',NULL,17000.0,25000.0,'As we continue to expand, we are actively seeking a skilled Data Engineer to join our team of analytics experts. Additionally, you will be instrumental in optimizing data flow and collection to cater to the needs of cross-functional teams.');
INSERT INTO FactOffer VALUES(31,28,4,1,1,1,'https://www.pracuj.pl/praca/senior-data-engineer-gcp-warszawa-pulawska-39,oferta,1003338090','[3, 2, 78, 33, 79, 17]',NULL,26880.0,33600.0,'About the projectWe run a variety of projects in which our sweepmasters can excel. Advanced Analytics, Data Platforms, Streaming Analytics Platforms, Machine Learning Models, Generative AI and more.');
INSERT INTO FactOffer VALUES(32,29,7,1,1,1,'https://www.pracuj.pl/praca/data-reporting-senior-developer-krakow,oferta,1003314817','[2, 33, 80, 81, 3]',NULL,21000.0,24150.0,'Join us, and transform data into actionable insights for success!Krakow-based opportunity with the possibility to work 80% remotely!');
INSERT INTO FactOffer VALUES(33,30,17,1,1,1,'https://www.pracuj.pl/praca/senior-power-bi-analyst-developer-wroclaw,oferta,1003322366','[]',NULL,20160.0,23520.0,'');
INSERT INTO FactOffer VALUES(34,31,17,1,1,1,'https://www.pracuj.pl/praca/data-scientist-katowice,oferta,1003292323','[]',NULL,23520.0,30240.0,'scikit-learn, pytorch, inne)swobodnie komunikujesz się w języku angielskim w mowie i piśmie (poziom min.');
INSERT INTO FactOffer VALUES(35,8,23,1,1,1,'https://www.pracuj.pl/praca/data-engineer-warszawa,oferta,1003295401','[82, 3]',NULL,27720.0,27720.0,'About the projectFor a strongly growing company in the medical field, we are looking for a specialist for the position of Data Engineer.');
INSERT INTO FactOffer VALUES(36,32,24,1,1,1,'https://www.pracuj.pl/praca/programista-hurtowni-danych-warszawa,oferta,1003308586','[2, 44]',NULL,28560.0,28560.0,'');
INSERT INTO FactOffer VALUES(37,33,25,1,1,1,'https://www.pracuj.pl/praca/etl-developer-ibm-datastage-gdynia-luzycka-8c,oferta,1003307228','[83, 84, 1]',NULL,19000.0,25830.0,'Furthermore, all projects are executed in international teams, giving constant exposure to the English language.');
INSERT INTO FactOffer VALUES(38,34,4,1,1,1,'https://www.pracuj.pl/praca/senior-data-engineer-flink-warszawa-pulawska-39,oferta,1003338092','[20, 3, 85, 14, 86, 78]',NULL,26880.0,33600.0,'About the projectWe run a variety of projects in which our sweepmasters can excel. Advanced Analytics, Data Platforms, Streaming Analytics Platforms, Machine Learning Models, Generative AI and more.');
INSERT INTO FactOffer VALUES(39,35,21,1,1,1,'https://www.pracuj.pl/praca/senior-data-scientist-with-llm-warszawa-aleja-niepodleglosci-18,oferta,1003339289','[2, 3, 87, 59]',NULL,23000.0,32000.0,'About the projectOur Team is growing rapidly and always looks for new tech talents to welcome onboard. Modern technologies - we use proven technologies that are currently up-to-date.');
INSERT INTO FactOffer VALUES(40,36,26,1,1,1,'https://www.pracuj.pl/praca/software-engineer-ii-data-and-storage-services-warszawa-koszykowa-61,oferta,1003297308','[3, 53, 25, 88, 21]',NULL,18840.0,23550.0,'About the projectAt Affirm, data is fundamental to everything we do. Our mission is to provide trustworthy, intuitive, and cost-efficient solutions to secure, store, analyze, and transform data at exceptional scale.');
INSERT INTO FactOffer VALUES(41,37,12,1,1,1,'https://www.pracuj.pl/praca/adobe-customer-data-platform-specialist-adobe-experience-cloud-gdansk-aleja-grunwaldzka-472d,oferta,1003326700','[2, 3]',NULL,28560.0,35280.0,'About the projectCurrently we are looking for Adobe Customer Data Platform Specialist who will join a team working on projects from MarTech industry. This role requires Adobe Real-Time CDP Certification Overview.');
INSERT INTO FactOffer VALUES(42,38,7,1,1,1,'https://www.pracuj.pl/praca/infrastructure-solutions-manager-krakow,oferta,1003291701','[89, 2, 16, 11]',NULL,21000.0,25200.0,'About the projectAs a Infrastructure Solutions Manager, you will be working for our client, a prominent financial institution. You’ll oversee cutting-edge infrastructure solutions for over 30,000 users and 200 industrial sites globally.');
INSERT INTO FactOffer VALUES(43,39,27,1,1,1,'https://www.pracuj.pl/praca/dwh-architect-data-modeling-krakow-lubostron-1,oferta,1003312351','[90, 91, 92, 93, 94, 95, 96, 97]',NULL,20000.0,25000.0,'Your responsibilitiesa) IN BRIEFSet up the data modeling practice, processes, and platform. Mental health support - free access to online sessions with a professional therapist. Wellbeing program - tailored to the needs of our employees including physical & mental health, and socializing activities.');
INSERT INTO FactOffer VALUES(44,40,19,1,1,1,'https://www.pracuj.pl/praca/scala-big-data-engineer-krakow-zablocie-43a,oferta,1003299357','[77, 78, 45]',NULL,26880.0,31920.0,'Projekt zrzesza obszary zarządzania ryzykiem przestępstw finansowych i odpowiada za wdrażanie najefektywniejszych standardów w ich zwalczaniu. Zespół pracuje w oparciu o metodykę Scrum (2 tygodniowe sprinty).Praca hybrydowa 3 razy w miesiącu z krakowskiego biura.');
INSERT INTO FactOffer VALUES(45,41,12,1,1,1,'https://www.pracuj.pl/praca/etl-ipc-developer-warszawa,oferta,1003311502','[2, 40, 1, 98]',NULL,21000.0,22680.0,'');
INSERT INTO FactOffer VALUES(46,42,28,2,2,2,'https://justjoin.it/offers/cloudfide-business-intelligence-power-bi-developer-krakow-386118','[99, 100, 101, 13, 2, 3, 102]','Senior',11500.0,25000.0,'ABOUT USAt CLOUDFIDE, we do everything with data and contribute to pivotal projects for Fortune 500 companies. This is your chance to enhance your skills and leave your global footprint. Strong conceptual and analytical skills - you''re a whiz at defining and documenting complex requirements. COLLABORATION: Be part of our diverse, passionate team, where every voice matters. BENEFITS: Employee benefits program, certification opportunities. We celebrate diversity and are committed to creating an inclusive environment for all employees.');
INSERT INTO FactOffer VALUES(47,43,29,2,2,2,'https://justjoin.it/offers/haddad-brands-europe-functional-d365-administrator-partly-in-paris-krakow','[103, 96, 104, 105, 106, 107]','Senior',22000.0,25000.0,'The work is divided into: roughly 3 months remote in Poland, 3 weeks stationary in the Paris office. Brief English conversation is possible in order to estimate the skills.');
INSERT INTO FactOffer VALUES(48,44,29,2,2,2,'https://justjoin.it/offers/haddad-brands-europe-power-bi-developer-partly-in-paris-krakow','[103, 96, 84, 106, 104, 105, 107]','Senior',20000.0,27000.0,'The work is divided into: roughly 3 months remote in Poland, 3 weeks stationary in the Paris office. MONITORING• Coordinates with various resources within the IT department related to their domain. •');
INSERT INTO FactOffer VALUES(49,8,30,2,2,2,'https://justjoin.it/offers/remitly-data-engineer','[21, 108, 109, 3, 77, 110]','Mid',20500.0,23000.0,'Remitly''s vision is to transform lives with trusted financial services that transcend borders. That also means working closely with other teams to establish data interfaces and contracts.');
INSERT INTO FactOffer VALUES(50,45,31,2,2,2,'https://justjoin.it/offers/sporty-group-senior-dba-krakow-387012','[88, 22, 111]','Senior',14949.0,25626.0,'We leverage the power of high quality data to strengthen and equip our enterprise. We literally build, spend and make decisions based on the ethos of building THE best platform of its kind.');
INSERT INTO FactOffer VALUES(51,46,32,2,2,2,'https://justjoin.it/offers/infinitedata-dwh-analyst-krakow','[112, 113, 2, 114]','Mid',12000.0,16000.0,'Let me guess, you are fed up with corporations but still dream of a growth job on exciting projects. You can no longer watch the rat race, you just want to work side by side with the best experts and coding enthusiasts.');
INSERT INTO FactOffer VALUES(52,47,33,2,2,2,'https://justjoin.it/offers/blazity-nlp-engineer-krakow','[115, 60, 116, 57, 56, 117, 118, 119, 120, 3]','Mid',16000.0,23000.0,'We’re Blazity - a team of React.js and Next.js experts creating API first products. Optimize the integration process to ensure efficient utilization of resources. Model Evaluation: Design and conduct experiments to evaluate the performance and effectiveness of GPT-3 and GPT-4 models for different NLP tasks. Knowledge of data preprocessing techniques and tools for NLP, such as tokenization, stemming, and named entity recognition. Strong analytical and problem-solving skills, with the ability to design and implement innovative solutions.');
INSERT INTO FactOffer VALUES(53,8,34,2,2,2,'https://justjoin.it/offers/pragmile-data-engineer-krakow-385693','[108]','Senior',23520.0,26880.0,'We''re looking for an experienced engineer who could support us in the successful execution and delivery.');
INSERT INTO FactOffer VALUES(54,48,35,2,2,2,'https://justjoin.it/offers/altimetrik-poland-senior-data-architect-krakow-378921','[121, 122, 123, 96, 2, 3, 77, 124]','Senior',22000.0,28000.0,replace('In an agile way, we deliver bite-size outcomes to enterprises and startups from all industries, to help them scale and accelerate their businesses. Develop strategies and processes to efficiently discover and onboard new data sources to enrich the organization''s assets. Data Management, Governance and Compliance: \nImplement data governance practices within Databricks to ensure data quality, integrity, and security. Familiarity with DevOps practices and CI/CD pipelines.','\n',char(10)));
INSERT INTO FactOffer VALUES(55,8,36,2,2,2,'https://justjoin.it/offers/opensignal-data-engineer-krakow','[78, 2, 3, 110, 20]','Mid',20000.0,28000.0,replace('What you will be doing\nOwn and improve our big data pipelines in AWS Spark. BenefitsWe believe we are stronger when we not only celebrate our many differences, values, and voices but include them in everyday practice.','\n',char(10)));
INSERT INTO FactOffer VALUES(56,49,37,2,2,2,'https://justjoin.it/offers/scalac-big-data-engineer-spark-hadoop-krakow','[77, 53, 45]','Mid',15000.0,19000.0,replace('We''re looking for Big Data Engineer with Spark and Hadoop who will be working on an external project in the fintech area. Ensure the high quality of the delivered software code. Must-haves in the technology stack: \nAt least 3 years of experience with Scala.','\n',char(10)));
INSERT INTO FactOffer VALUES(57,31,38,2,2,2,'https://justjoin.it/offers/qurate-retail-group-gbs-data-scientist','[115, 82, 125, 126, 127, 96, 2, 3, 128]','Mid',9000.0,11000.0,'Partners with the Workforce Analytics Lead in the design and delivery of advanced visualization techniques. Helps convert data and insights into impactful visual representations and stories to help our clients make better, data-driven decisions.');
INSERT INTO FactOffer VALUES(58,50,18,2,2,2,'https://justjoin.it/offers/tesco-technology-software-development-engineer-0bee35df-4bc7-4c4a-8bee-331cf10b6446','[110, 78, 129, 3, 45, 130, 5, 46]','Senior',26000.0,40000.0,'We influence product availability through advanced forecasting and right ordering. Its challenging since it needs to be done whilst keeping waste reduction and optimal stock holding. We take responsibility for the software through its entire lifecycle. We love working from home, but we also love connecting, collaborating and innovating with our colleagues in person.');
INSERT INTO FactOffer VALUES(59,51,39,2,2,2,'https://justjoin.it/offers/bpmriders-power-bi-consultant-krakow','[131, 84, 101, 106, 16, 132]','Mid',9000.0,12000.0,'');
INSERT INTO FactOffer VALUES(60,8,40,2,2,2,'https://justjoin.it/offers/masterborn-sp-z-o-o-data-engineer-krakow','[6, 96, 2, 97, 3]','Mid',9000.0,15000.0,'We are currently improving our world-class service with a Data Engineer role. You will set up Data Processing (ELT), work on Data Mapping, perform Data Validation, and configure the application to meet the Business Needs.');
INSERT INTO FactOffer VALUES(61,52,41,2,2,2,'https://justjoin.it/offers/trans-eu-group-sa-dataops-engineer-krakow-375285','[3, 15, 21, 133]','Mid',12000.0,22000.0,'Cześć!Chcesz się rozwijać u jednego z najlepszych pracodawców w Polsce? Zapraszamy Cię na pokład grupy Trans.eu – europejskiego lidera innowacyjnych rozwiązań IT dla biznesuNieustanny rozwój jest wpisany w nasze DNA.');
INSERT INTO FactOffer VALUES(62,53,42,2,2,2,'https://justjoin.it/offers/devsdata-llc-tableau-developer-remote-40-h-parttime-8h-week-krakow','[39, 2]','Senior',19602.0,25875.0,'We work 100% remotely, in an international team, including people from Asia, London, or San Francisco. We employ people with experience in international corporations as well as students of the best technical and business universities.');
INSERT INTO FactOffer VALUES(63,10,43,2,2,2,'https://justjoin.it/offers/n-ix-senior-data-engineer-krakow','[93, 134, 6, 3]','Senior',23523.0,25875.0,'(#1295)Our Client is an OVO Group, a big family of companies united by a single vision: to get to zero carbon, fast. Developing a segmentation solution framework to rebuild the current solution together with a team of TS(JS) engineers.');
INSERT INTO FactOffer VALUES(64,39,44,2,2,2,'https://justjoin.it/offers/kitopi-dwh-architect-data-modelling','[90, 91, 92, 93, 94, 95, 96, 97]','Senior',25000.0,30000.0,'Kitopi is the world''s leading tech-powered multi-brand restaurant, on a mission to satisfy global appetites. 🎉As a pioneer in the food-tech industry, Kitopi''s growth is powered by innovative and scalable software solutions. The successful candidate will share these values and work in accordance with them.');
INSERT INTO FactOffer VALUES(65,54,45,2,2,2,'https://justjoin.it/offers/agora-sa-cloud-data-developer-krakow','[135, 34, 3]','Mid',12000.0,16000.0,'Jesteśmy jedną z największych firm medialnych w Polsce. rocznym doświadczeniem,•	bardzo dobra znajomość BigQuery oraz Python,•	zaangażowanie, komunikatywność i proaktywne podejście do realizacji zadań.');
INSERT INTO FactOffer VALUES(66,55,44,2,2,2,'https://justjoin.it/offers/kitopi-senior-data-analyst-krakow','[136, 137, 2, 3, 138, 139, 96, 97, 140]','Senior',15000.0,17500.0,'Kitopi is the world''s leading tech-powered multi-brand restaurant, on a mission to satisfy global appetites. As a Senior Data Analyst at Kitopi, you''ll play a crucial role in leveraging data to drive strategic decision-making and deliver impactful insights. Collaborate with the data engineering team to enhance data resources, ensuring accuracy, completeness, and quality. Identify growth opportunities, optimize menu and product performance, and execute impactful marketing campaigns. Apply advanced statistical analysis techniques to derive insights and evaluate options. Minimum of 5 years of experience in analytics and reporting, preferably with a focus on growth-related analytics.');
INSERT INTO FactOffer VALUES(67,56,18,2,2,2,'https://justjoin.it/offers/tesco-technology-data-engineer-fulfillment-krakow','[77, 45, 78]','Mid',20000.0,30000.0,'We are an agile team of an industry-leading team of engineers. As Tech Hub we cooperate within the group of Tesco Technology Hubs located in the UK, Poland, Hungary, and India. Tesco is committed to celebrating diversity and everyone is welcome at Tesco.');
INSERT INTO FactOffer VALUES(68,57,46,2,2,2,'https://justjoin.it/offers/rits-professional-services-specjalista-hurtowni-danych','[2, 141, 131, 6, 142]','Mid',23520.0,28560.0,'Jesteśmy RITS i aktualnie poszukujemy Specjalisty Hurtowni Danych, który dołączy do nowego projektu w sektorze energetycznym.');
INSERT INTO FactOffer VALUES(69,58,47,2,2,2,'https://justjoin.it/offers/emagine-polska-data-engineer-with-aws-krakow','[108, 121, 21, 3, 73, 93]','Senior',22000.0,32000.0,replace('Responsibilities:\nEngage in software development activities, including writing, reviewing, refactoring, testing, and documenting the code base. Participate in Agile events such as Program Increment (PI) planning, system demos, and Inspect and Adapt (I&A) sessions.','\n',char(10)));
INSERT INTO FactOffer VALUES(70,59,48,2,2,2,'https://justjoin.it/offers/sigmoidal-machine-learning-engineer-nlp--krakow-data','[115, 60, 143, 3, 51, 90]','Senior',29403.0,37244.0,'Hey!Are you ready to unleash your genius and make an impact like never before? Play a key role in designing and developing NLP processes that extract valuable insights from unstructured data.');
INSERT INTO FactOffer VALUES(71,8,28,2,2,2,'https://justjoin.it/offers/cloudfide-data-engineer-krakow-365175','[144, 12, 2, 3, 145, 13]','Senior',21800.0,30240.0,replace('ABOUT USAt CLOUDFIDE, we do everything with data and contribute to pivotal projects for Fortune 500 companies. One that would like to work with a team of like-minded people. Building and launching new data models and data pipelines. HERE''S WHY YOU''LL LOVE CLOUDFIDE\n\nFLEXIBILITY: Enjoy the freedom of working from anywhere, and have a genuine say on our tools, tech, and solutions. START-UP CULTURE: Open communication, creative problem solving and a flat hierarchy. We celebrate diversity and are committed to creating an inclusive environment for all employees.','\n',char(10)));
INSERT INTO FactOffer VALUES(72,60,49,2,2,2,'https://justjoin.it/offers/virtuslab-data-platform-engineer-expert-krakow','[146, 147, 53, 96, 148, 25, 2]','Senior',26000.0,31000.0,'We are #VLteam - tech enthusiasts constantly striving for growth. What’s more, we refund up to 1,000 PLN (per quarter) for learning the English language. At VirtusLab, you decide whether you choose a sports card or vouchers for countless attractions. We also contribute to numerous open-source projects (world-famous solutions and create our own ones). Check out also Sphere.it - our unique platform with tech videos and online events.');
INSERT INTO FactOffer VALUES(73,10,50,2,2,2,'https://justjoin.it/offers/lite-e-commerce-senior-data-engineer-krakow-387167','[149, 14, 2, 3, 17, 18]','Senior',22000.0,28000.0,'So far, we have created two products in the Polish market. We are currently looking for a Senior Data Engineer, who will become Lite’s hero or heroine in the mission of technological development of the world!');
INSERT INTO FactOffer VALUES(74,10,51,2,2,2,'https://justjoin.it/offers/datumo-senior-data-engineer-krakow','[110, 134, 133, 77, 78, 3, 46]','Senior',20000.0,30000.0,'Core industries we support include e-commerce, telecommunications and life science. It also facilitates batch data transmission to ADLS. Realtime Consumer Data PlatformThe initiative involves constructing a consumer data platform (CDP) for a major Polish retail company.');
INSERT INTO FactOffer VALUES(75,61,52,2,2,2,'https://justjoin.it/offers/limango-polska-experienced-machine-learning-engineer-krakow','[115, 129, 150, 2, 3]','Mid',16000.0,19000.0,'Language classes in English and German, tailored to your skill level. Remote work opportunities and flexible working hours to accommodate your schedule.');
INSERT INTO FactOffer VALUES(76,62,53,2,2,2,'https://justjoin.it/offers/ytm-ventures-senior-bi-analyst-krakow-data','[151, 2, 88, 23, 84, 127, 152, 96]','Senior',15000.0,19000.0,'About Us:At Babylon Park, we bring the thrill of global gaming and entertainment into everyday fun. Analytical Skills: Strong capability in applying statistical and probability theories to real-world applications. If you''re ready to use your analytical skills to make a significant impact, apply today and help shape the future of entertainment.');
INSERT INTO FactOffer VALUES(77,63,32,2,2,2,'https://justjoin.it/offers/infinitedata-snowflake-developer-krakow-data','[113, 2, 6, 133, 3]','Mid',15000.0,25000.0,'Are you looking for an interesting project, but you come across only boring technologies? We are the main partner of Snowflake❄️in this part of Europe.');
INSERT INTO FactOffer VALUES(78,64,35,2,2,2,'https://justjoin.it/offers/altimetrik-poland-senior-data-scientist-krakow','[3, 153, 21, 96]','Senior',22000.0,28000.0,'In an agile way, we deliver bite-size outcomes to enterprises and startups from all industries, to help them scale and accelerate their businesses. Extensive experience in the role of data scientist in the areas of Advanced and Predictive Analytics.');
INSERT INTO FactOffer VALUES(79,65,54,2,2,2,'https://justjoin.it/offers/plenti-etl-python-backend-developer-krakow','[6, 93, 109, 3, 21]','Senior',35700.0,39900.0,'Hi!We are seeking an experienced ETL Developer with advanced Python for our client in the finance industry. This role offers a greenfield opportunity to construct a data warehouse and integrate it with a Snowflake-based system.');
INSERT INTO FactOffer VALUES(80,66,55,2,2,2,'https://justjoin.it/offers/in-team-bi-developer-krakow','[154, 155, 6, 96, 156, 2, 141]','Senior',26880.0,30240.0,'W IN Team poszukujemy BI Developera w projekcie globalnej skali platformy gier i loterii. dofinansujemy Twój pakiet medyczny oraz kartę sportową Multisport');
INSERT INTO FactOffer VALUES(81,67,56,2,2,2,'https://justjoin.it/offers/in4ge-sp-z-o-o--specjalista-ds-baz-danych-oracle-oracle-database-specialist--krakow-data','[157, 158, 159]','Mid',10000.0,26800.0,'in4ge to spółka z wieloletnim doświadczeniem, należąca do grupy zajmującej się tworzeniem autorskich produktów IT wspierających biznes. Zarządzanie danymi w bazach Oracle, w tym tworzenie, modyfikacja i optymalizacja struktur baz danych. Diagnozowanie i rozwiązywanie problemów związanych z wydajnością, stabilnością i bezpieczeństwem baz danych Oracle. Wdrażanie i utrzymywanie zabezpieczeń danych zgodnie z najlepszymi praktykami.');
INSERT INTO FactOffer VALUES(82,68,57,2,2,2,'https://justjoin.it/offers/do-ok-s-a--pl-pgsql-developer-with-python-krakow-data','[160, 3, 161, 73, 162, 50, 163, 164]','Senior',18000.0,22000.0,'We are looking for a seasoned PL/pgSQL Developer with Python, someone who’s open-minded. We expect you to have experience in designing complete software products for clients, and to be fond of mentoring your colleagues.');
INSERT INTO FactOffer VALUES(83,69,58,2,2,2,'https://justjoin.it/offers/dmtech-polska-senior-data-engineer-z-j-niemieckim-krakow-data','[165, 166, 135, 20, 3, 110]','Senior',15100.0,29000.0,'Działamy sprawnie, w oparciu o najnowsze technologie i frameworki. Dołącz do nas i buduj z nami pierwsze zespoły technologiczne w Polsce.');
INSERT INTO FactOffer VALUES(84,70,58,2,2,2,'https://justjoin.it/offers/dmtech-polska-senior-data-scientist-z-j-niemieckim-krakow','[165, 166, 135, 20, 3, 110]','Senior',15100.0,29000.0,'Działamy sprawnie, w oparciu o najnowsze technologie i frameworki. Opowiedzą Ci o tym Jakub Kadłubowski, który prowadzi rekrutację i Adam Piwek z dmTECH.');
INSERT INTO FactOffer VALUES(85,15,47,2,2,2,'https://justjoin.it/offers/emagine-polska-data-warehouse-developer-krakow','[93, 106, 2, 141, 167, 168]','Senior',22400.0,27200.0,'');
INSERT INTO FactOffer VALUES(86,8,59,2,2,2,'https://justjoin.it/offers/7n-data-engineer-krakow-data','[129, 169, 13, 3]','Mid',20160.0,25200.0,'O projekciePoszukujemy Data Engineera do współpracy z duńską organizacją z branży usług ratownictwa medycznego i pożarnictwa przemysłowego. Zobacz wypowiedź Konsultanta 7N o roli Agenta i możliwościach projektowych. Profesjonalny, jakościowy proces rekrutacyjny prowadzony przez najbardziej doświadczonych w branży rekruterów.');
INSERT INTO FactOffer VALUES(87,8,51,2,2,2,'https://justjoin.it/offers/datumo-big-data-engineer-krakow','[53, 134, 3, 110, 77, 46]','Mid',15000.0,20000.0,'Core industries we support include e-commerce, telecommunications and life science. It also facilitates batch data transmission to ADLS. Realtime Consumer Data PlatformThe initiative involves constructing a consumer data platform (CDP) for a major Polish retail company.');
INSERT INTO FactOffer VALUES(88,71,60,2,2,2,'https://justjoin.it/offers/itds-dynamics-365-agile-business-analyst-krakow-data','[96, 170, 171, 172, 95, 173, 174]','Mid',20160.0,26880.0,'We are seeking an Agile Business Analyst to join our Digital Quality Management team. You''ll play a pivotal role in implementing the Wholesale Servicing strategy globally through Dynamics 365 Cloud.');
INSERT INTO FactOffer VALUES(89,72,61,2,2,2,'https://justjoin.it/offers/prime-force-operations-specialist-architect-krakow-data','[175, 22, 176, 177, 178, 50, 179, 169, 25]','Senior',18000.0,27000.0,'We are looking for an Operations Specialist / Architect to join our project team. The system you would work on is built on top of MongoDB, OpenSearch, and Kafka, and deployed in a Kubernetes environment.');
INSERT INTO FactOffer VALUES(90,73,62,2,2,2,'https://justjoin.it/offers/devopsbay-senior-data-scientist-krakow-data','[115, 3, 180, 21, 46, 133, 14, 2]','Senior',25200.0,36960.0,'Provide guidance and mentorship to analysts and data engineers, promoting knowledge sharing and skill development within the team. Strong communication and collaboration abilities, with the capability to present technical concepts to both technical and non-technical stakeholders.');
INSERT INTO FactOffer VALUES(91,17,18,2,2,2,'https://justjoin.it/offers/tesco-technology-software-development-engineer-ii-data-engineering-forecasting','[129, 78, 3, 110, 45, 5]','Mid',20000.0,30000.0,'Company DescriptionTesco is a leading multinational retailer, with more than 330 000 colleagues. We influence product availability through advanced forecasting and right ordering. This helps keep our operational costs in control and helps the bottom line. We love working from home, but we also love connecting, collaborating and innovating with our colleagues in person. Tesco is committed to celebrating diversity and everyone is welcome at Tesco.');
INSERT INTO FactOffer VALUES(92,74,43,2,2,2,'https://justjoin.it/offers/n-ix-data-architect-data-unit-krakow','[21, 178, 3, 133, 181]','Senior',35284.0,39205.0,replace('N-iX is looking for an experienced and mature Data Architect to participate in projects with cutting-edge technologies. Responsibilities:\nServe as a primary technical expert of the data platform and reporting teams creating data solutions.','\n',char(10)));
INSERT INTO FactOffer VALUES(93,10,63,2,2,2,'https://justjoin.it/offers/sunscrapers-senior-data-engineer-krakow-387071','[3, 2, 182, 33, 133, 96, 46]','Senior',27000.0,34000.0,'Advance your career with Sunscrapers, a leading force in software development, now expanding its presence in a data-centric environment. Join us in our mission to help clients grow and innovate through a comprehensive tech stack and robust data-related projects.');
INSERT INTO FactOffer VALUES(94,34,64,2,2,2,'https://justjoin.it/offers/getindata-part-of-xebia-senior-data-engineer-flink-krakow-387348','[85, 183, 46, 184, 134, 53]','Senior',26880.0,33600.0,'The company was founded in 2014 by data engineers and today brings together 120 Data & AI experts. What else do we do besides working on projects?We conduct many initiatives like Guilds and Labs and other knowledge-sharing initiatives.');
INSERT INTO FactOffer VALUES(95,75,18,2,2,2,'https://justjoin.it/offers/tesco-technology-senior-data-engineer-fulfillment','[45, 77, 78, 25, 14]','Senior',26000.0,40000.0,'We are an agile team of an industry-leading team of engineers. As Tech Hub we cooperate within the group of Tesco Technology Hubs located in the UK, Poland, Hungary, and India. Our ideal candidate is an experienced data pipeline builder and enthusiast who enjoys optimizing data systems.');
INSERT INTO FactOffer VALUES(96,76,63,2,2,2,'https://justjoin.it/offers/sunscrapers-senior-data-engineer-analyst-krakow-data','[2, 3, 185, 21, 133]','Senior',30000.0,40000.0,'Are you ready to take on the challenge?We''re looking for a Senior Data Engineer/Analyst to join our team in Warsaw or remotely. Join us in our mission to help clients grow and innovate through a comprehensive tech stack and robust data-related projects.');
INSERT INTO FactOffer VALUES(97,77,65,2,2,2,'https://justjoin.it/offers/castle-data-science-lead','[2, 133, 90, 155, 3]','Senior',39205.0,50966.0,'We''re backed by Y Combinator, Index Ventures, as well as prominent angel investors from Datadog, Stripe, and New Relic. As our Lead Data Scientist, you will be entrusted with steering our pioneering efforts in anti-fraud research. 5+ yrs of experience in a Data Science role, ideally within a startup or agile tech company.');
INSERT INTO FactOffer VALUES(98,78,42,2,2,2,'https://justjoin.it/offers/devsdata-llc-senior-data-engineer-krakow-377876','[2, 3, 186]','Senior',24772.0,42711.0,'We''re looking for a person who will join us as a Senior Data Engineer! We employ people with experience in international corporations as well as the ones from the best technical and business universities.');
INSERT INTO FactOffer VALUES(99,8,63,2,2,2,'https://justjoin.it/offers/sunscrapers-data-engineer-krakow-385181','[6, 54, 2, 3, 187]','Mid',20000.0,24000.0,'Advance your career with Sunscrapers, a leading force in software development, now expanding its presence in a data-centric environment. Client success is measured when they can empower all of healthcare to focus more on improving people''s health.');
INSERT INTO FactOffer VALUES(100,79,66,2,2,2,'https://justjoin.it/offers/cshark-power-platform-developer-krakow-data','[84, 188, 189, 190, 191]','Senior',23500.0,30000.0,'Currently, we are looking for a Power Platform Developer with a strong understanding of creating Canvas and Model-driven applications on Dataverse. Customizing the Microsoft Sustainability Manager program to meet ESG requirements. Data merging and acquisition from various sources through Dataflow. We have a flat structure - we are not a corporation and don''t want to be one 🙃.');
INSERT INTO FactOffer VALUES(101,10,67,2,2,2,'https://justjoin.it/offers/ework-group-senior-data-engineer-krakow-359548','[21, 133, 3, 2]','Senior',30752.0,37586.0,'We are seeking a skilled and experienced Data Engineer to join our client (pharmaceutical area) team. The Data Engineer will be responsible for designing, building, and maintaining the data infrastructure that supports our organization''s data needs.');
INSERT INTO FactOffer VALUES(102,80,68,2,2,2,'https://justjoin.it/offers/tooploox-machine-learning-engineer-krakow-387828','[115, 3, 192]','Mid',13000.0,18000.0,replace('It would be great if you also have:\nFluency in deep learning/machine learning libraries: scikit-learn, keras, pytorch, tensorflow, etc.','\n',char(10)));
INSERT INTO FactOffer VALUES(103,81,69,2,2,2,'https://justjoin.it/offers/novomatic-business-intelligence-developer-krakow','[39, 106, 122]','Senior',11500.0,23000.0,'W dziedzinie produktów, które rozwija nasza firma mamy do czynienia z niezmierzoną ilością informacji dostarczanej z wielu podsystemów. Od lat te informacje kolekcjonujemy i przetwarzamy, aby spełnić wymagania naszych klientów.');
INSERT INTO FactOffer VALUES(104,82,49,2,2,2,'https://justjoin.it/offers/virtuslab-software-engineer---data-platforms-principal--krakow-data','[147, 146, 53, 193, 148, 96, 25, 2]','Senior',30000.0,37000.0,'We are #VLteam - tech enthusiasts constantly striving for growth. What’s more, we refund up to 1,000 PLN (per quarter) for learning the English language. At VirtusLab, you decide whether you choose a sports card or vouchers for countless attractions. We also contribute to numerous open-source projects (world-famous solutions and create our own ones). Check out also Sphere.it - our unique platform with tech videos and online events.');
INSERT INTO FactOffer VALUES(105,83,70,2,2,2,'https://justjoin.it/offers/crestt-data-scientist-100-remote-krakow','[115, 129, 90]','Mid',21000.0,26880.0,'We’re thrilled to announce an exciting opportunity for a seasoned 🌟 Data Scientist 🌟 to become a pivotal part of our dedicated team. Tackle additional project-specific tasks, details of which will be discussed during the interview process.');
INSERT INTO FactOffer VALUES(106,84,71,2,2,2,'https://justjoin.it/offers/islandsbanki-database-architect-oracle-sql-server-krakow','[194, 178, 1, 195, 40, 196, 167]','Senior',24000.0,26000.0,replace('Database Architect (Oracle + SQL Server)We are seeking a highly skilled and experienced Oracle and SQL Server Architect to join our team. Provide mentorship and technical leadership to database administrators and developers. Qualifications\nA positive mindset and a can-do attitude\nBachelor’s degree in Computer Science, Information Technology, or a related field.','\n',char(10)));
INSERT INTO FactOffer VALUES(107,85,72,2,2,2,'https://justjoin.it/offers/craftware-oracle-apex-developer-krakow-data','[197, 40, 2, 198, 199, 15]','Senior',21000.0,26880.0,'Jesteśmy pionierami technologii Salesforce w Polsce. Możesz również liczyć na szkolenia wewnętrzne oraz wymianę wiedzy w zespole.');
INSERT INTO FactOffer VALUES(108,86,73,2,2,2,'https://justjoin.it/offers/kainos-data-solution-architect-krakow-data','[93, 21, 169, 135, 13, 20, 77]','Senior',28000.0,47000.0,replace('We work remotely in Kainos but we might require you to visit our Gdansk office occasionally for team activities or company events. For candidates based in 3city – our Gdansk office is open so if you prefer to work from the office or in a hybrid model, you are welcome to do so. You will be a quality orientated pragmatist, where you balance trade-offs to successfully deliver complex solutions. Making a significant contribution to the data community and wider data capability. Requirements:\nExperience of leading multiple teams as the data solution architect, with ownership of a system of systems. What we offer (Benefits may vary depending on the type of contract):\nCompany share scheme plan.','\n',char(10)));
INSERT INTO FactOffer VALUES(109,87,59,2,2,2,'https://justjoin.it/offers/7n-program-manager-with-bi-experience--krakow-data','[84, 200, 201]','Senior',28560.0,31920.0,replace('We add wage transparency, career development support and professional stability. You will be working within a geographically dispersed team in Agile methodology. Collaborate with the development team to ensure optimal performance and functionality of the tool. Additionally, 7N Consultants have the opportunity to participate in interpersonal skills training through the 7N Secret Code. Learn more about it here: 7N: 7N – The Secret Code   \n\n7N Inspiration Team’s support and an opportunity to join their ranks. See what one 7N Consultant said about the role of 7N Agents and project opportunities.','\n',char(10)));
INSERT INTO FactOffer VALUES(110,73,74,2,2,2,'https://justjoin.it/offers/hubquest-senior-data-scientist-krakow-data','[115, 116, 202, 3]','Senior',28500.0,37000.0,'We are a team of experts, bringing together the best talents in IT and analytics. As team expands its analytics solutions on a global scale, we are on the lookout for an experienced Senior Data Scientist.');
INSERT INTO FactOffer VALUES(111,88,75,2,2,2,'https://justjoin.it/offers/reply-polska-sp-z-o-o-senior-oracle-siebel-developer-krakow','[203, 204, 1, 20, 2]','Senior',22000.0,28000.0,'Language Courses – you''ll have access to a multi-language learning platform enabling you to practice your language skills and learn new ones! Knowing that Customer Experience (CX) in the digital area must be highly flexible to be adapted to different industries and markets.');
INSERT INTO FactOffer VALUES(112,89,55,2,2,2,'https://justjoin.it/offers/in-team-postgresql-administrator-krakow-data','[180, 96]','Senior',23520.0,26880.0,'W IN Team poszukujemy PostgreSQL Administratora w projekcie globalnej skali platformy gier i loterii. dofinansujemy Twój pakiet medyczny oraz kartę sportową Multisport');
INSERT INTO FactOffer VALUES(113,90,76,2,2,2,'https://justjoin.it/offers/dcv-technologies-senior-data-engineer-big-data-engineer-hybrid-krakow','[78, 205, 45, 2]','Senior',22280.0,25400.0,'Willingness to learn and quick to adapt to changing requirements. Strong interpersonal skills and ability to both lead and contribute within a small team.');
INSERT INTO FactOffer VALUES(114,91,59,2,2,2,'https://justjoin.it/offers/7n-sql-bi-developer-krakow','[2, 10, 96, 141, 206, 131, 12, 6]','Mid',23520.0,26880.0,'About projectCurrently we are looking for SQL BI Developers (Mid/Senior) who will join a team working on projects from MarTech industry. Additionally, 7N Consultants have the opportunity to participate in interpersonal skills training through the 7N Secret Code. See what one 7N Consultant said about the role of 7N Agents and project opportunities.');
INSERT INTO FactOffer VALUES(115,10,30,2,2,2,'https://justjoin.it/offers/remitly-senior-data-engineer-krakow-data','[108, 3, 21, 109, 77, 110]','Senior',22000.0,26000.0,'Remitly''s vision is to transform lives with trusted financial services that transcend borders. That also means working closely with other teams to establish data interfaces and contracts.');
INSERT INTO FactOffer VALUES(116,92,77,2,2,2,'https://justjoin.it/offers/britenet-data-engineer-snowflake-krakow','[133, 39, 2, 3]','Senior',21800.0,26800.0,'Ścieżki rozwoju – Są jasne, proste i na pewno nie wyboiste. Do wyboru ścieżka rozwoju managerska lub ekspercka. Wspieranie aktywności – Mamy drużyny piłki nożnej, rozgrywamy mistrzostwa, mamy na pokładzie maratończyków i innych aktywnych wielbicieli sportu.');
INSERT INTO FactOffer VALUES(117,93,78,2,2,2,'https://justjoin.it/offers/sopra-steria-senior-pl-sql-developer-krakow','[1, 40, 2, 20]','Senior',18400.0,21600.0,'Note that we can only offer cooperation to people who are located in Poland and have EU citizenship. my personal data contained in my CV for the recruitment process and further recruitment processes.”');
INSERT INTO FactOffer VALUES(118,31,42,2,2,2,'https://justjoin.it/offers/devsdata-llc-data-scientist-krakow','[2, 3, 90]','Senior',21170.0,29403.0,'Strong knowledge of data analytics and machine learning, with familiarity across various industries'' common use cases. Collaborate with the sales team to enhance the company''s visibility within customer organizations and identify cross-sale/up-sale opportunities.');
INSERT INTO FactOffer VALUES(119,10,79,2,2,2,'https://justjoin.it/offers/rite-nrg-senior-data-engineer-krakow-data','[21, 207, 95, 133, 2, 3]','Senior',28000.0,33600.0,'Dołącz do naszej ekipy Rite NRG jako Senior Data Engineer i stwórz z nami w Polsce centrum dostaw dla lidera branży iGaming. Będziesz miał możliwość rozwijania się w obszarze analizy danych i zarządzania danymi.');
INSERT INTO FactOffer VALUES(120,10,36,2,2,2,'https://justjoin.it/offers/opensignal-senior-data-engineer-krakow','[78, 2, 3, 110, 20]','Senior',25000.0,34000.0,replace('What you will be doing\nOwn and improve our big data pipelines in AWS Spark. BenefitsWe believe we are stronger when we not only celebrate our many differences, values, and voices but include them in everyday practice.','\n',char(10)));
INSERT INTO FactOffer VALUES(121,94,80,2,2,2,'https://justjoin.it/offers/justpoint--remote-lead-data-analyst-krakow-data','[116, 2]','Senior',19602.0,27443.0,'Utilizing AI technology and collective action, we work together to shape a healthier world. About youYou are empathetic, ambitious, passionate about your work, need to have an impact on the world and you work hard to achieve your goals.');
INSERT INTO FactOffer VALUES(122,95,81,2,2,2,'https://justjoin.it/offers/onwelo-sp-z-o-o--data-engineer-databricks--krakow-data','[13, 3, 21, 2, 25, 17, 129, 78]','Mid',16800.0,23100.0,'Główne obszary działalności Onwelo to: tworzenie oprogramowania, jego rozwój oraz utrzymanie, a także mocne wsparcie kompetencyjne. Osoba na tym stanowisku będzie odpowiedzialna za projektowanie, rozwój i utrzymanie systemów przetwarzania danych opartych na mikroserwisach.');
INSERT INTO FactOffer VALUES(123,15,82,2,2,2,'https://justjoin.it/offers/qodeca-data-warehouse-developer-krakow','[93, 208, 209]','Mid',19000.0,23000.0,replace('Are you a skilled Data Warehouse Developer ready to take the next step in your career? Nice-to-Have Skills:\nFamiliarity with other Azure components useful for Data Warehouse solutions. Open Environment: Foster your creativity in an open and collaborative workplace.','\n',char(10)));
INSERT INTO FactOffer VALUES(124,96,83,2,2,2,'https://justjoin.it/offers/volt-senior-php-software-engineer-krakow-362575','[210, 211, 212, 2, 21, 121, 213, 214]','Senior',20500.0,26000.0,'About VoltVolt is revolutionising how people pay online, globally. That led us among other things to use the hexagonal architecture as our base pattern for the business layers of our apps. Selected candidates will be invited for an initial interview with our People & Culture representative.');
DELETE FROM sqlite_sequence;
INSERT INTO sqlite_sequence VALUES('DimPosition',96);
INSERT INTO sqlite_sequence VALUES('DimCurrency',2);
INSERT INTO sqlite_sequence VALUES('DimSource',2);
INSERT INTO sqlite_sequence VALUES('DimCategory',2);
INSERT INTO sqlite_sequence VALUES('DimCompany',83);
INSERT INTO sqlite_sequence VALUES('DimSkill',214);
INSERT INTO sqlite_sequence VALUES('FactOffer',124);
COMMIT;
